BEGIN;

INSERT INTO origin (id, name, created_at) VALUES (1, 'Brésil', NOW());
INSERT INTO origin (id, name, created_at) VALUES (2, 'Colombie', NOW());
INSERT INTO origin (id, name, created_at) VALUES (3, 'Costa Rica', NOW());
INSERT INTO origin (id, name, created_at) VALUES (4, 'Guatemala', NOW());
INSERT INTO origin (id, name, created_at) VALUES (5, 'Hawaï', NOW());
INSERT INTO origin (id, name, created_at) VALUES (6, 'Indonésie', NOW());
INSERT INTO origin (id, name, created_at) VALUES (7, 'Italie', NOW());
INSERT INTO origin (id, name, created_at) VALUES (8, 'Jamaïque', NOW());
INSERT INTO origin (id, name, created_at) VALUES (9, 'Kenya', NOW());
INSERT INTO origin (id, name, created_at) VALUES (10, 'Nicaragua', NOW());
INSERT INTO origin (id, name, created_at) VALUES (11, 'Panama', NOW());
INSERT INTO origin (id, name, created_at) VALUES (12, 'Pérou', NOW());
INSERT INTO origin (id, name, created_at) VALUES (13, 'Rwanda', NOW());
INSERT INTO origin (id, name, created_at) VALUES (14, 'Tanzanie', NOW());
INSERT INTO origin (id, name, created_at) VALUES (15, 'Vietnam', NOW());
INSERT INTO origin (id, name, created_at) VALUES (16, 'Éthiopie', NOW());
INSERT INTO category (id, name, created_at) VALUES (1, 'Acide', NOW());
INSERT INTO category (id, name, created_at) VALUES (2, 'Chocolaté', NOW());
INSERT INTO category (id, name, created_at) VALUES (3, 'Corsé', NOW());
INSERT INTO category (id, name, created_at) VALUES (4, 'Doux', NOW());
INSERT INTO category (id, name, created_at) VALUES (5, 'Fruité', NOW());
INSERT INTO category (id, name, created_at) VALUES (6, 'Épicé', NOW());
INSERT INTO product (id, description, reference, price_per_kg, availability, origin_id, category_id, image_path, created_at) VALUES (1, 'Café fort et concentré préparé en faisant passer de l''eau chaude à travers du café finement moulu.', '100955890', 20.99, 'Oui', 7, 3, '/images/products/100955890.jpg', NOW());
INSERT INTO product (id, description, reference, price_per_kg, availability, origin_id, category_id, image_path, created_at) VALUES (2, 'Café moyennement corsé avec une acidité vive et une saveur riche.', '100955894', 18.75, 'Oui', 2, 1, '/images/products/100955894.jpg', NOW());
INSERT INTO product (id, description, reference, price_per_kg, availability, origin_id, category_id, image_path, created_at) VALUES (3, 'Réputé pour son arôme floral, son acidité vive et ses notes de saveur citronnée.', '105589090', 22.5, 'Oui', 16, 5, '/images/products/105589090.jpg', NOW());
INSERT INTO product (id, description, reference, price_per_kg, availability, origin_id, category_id, image_path, created_at) VALUES (4, 'Café doux et lisse avec un profil de saveur de noisette.', '134009550', 17.8, 'Oui', 1, 4, '/images/products/134009550.jpg', NOW());
INSERT INTO product (id, description, reference, price_per_kg, availability, origin_id, category_id, image_path, created_at) VALUES (5, 'Café corsé avec des nuances chocolatées et une pointe d''épice.', '256505890', 21.25, 'Oui', 4, 3, '/images/products/256505890.jpg', NOW());
INSERT INTO product (id, description, reference, price_per_kg, availability, origin_id, category_id, image_path, created_at) VALUES (6, 'Café complexe connu pour son acidité rappelant le vin et ses saveurs fruitées.', '295432730', 23.7, 'Oui', 9, 1, '/images/products/295432730.jpg', NOW());
INSERT INTO product (id, description, reference, price_per_kg, availability, origin_id, category_id, image_path, created_at) VALUES (7, 'Café profond et terreux avec un corps lourd et une faible acidité.', '302932754', 19.95, 'Oui', 6, 3, '/images/products/302932754.jpg', NOW());
INSERT INTO product (id, description, reference, price_per_kg, availability, origin_id, category_id, image_path, created_at) VALUES (8, 'Café vif et net avec une finition propre et une acidité vive.', '327302954', 24.5, 'Oui', 3, 1, '/images/products/327302954.jpg', NOW());
INSERT INTO product (id, description, reference, price_per_kg, availability, origin_id, category_id, image_path, created_at) VALUES (9, 'Café audacieux et fort avec une saveur robuste distinctive.', '549549090', 16.75, 'Oui', 15, 6, '/images/products/549549090.jpg', NOW());
INSERT INTO product (id, description, reference, price_per_kg, availability, origin_id, category_id, image_path, created_at) VALUES (10, 'Acidité vive avec un profil de saveur rappelant le vin et un corps moyen.', '582954954', 26.8, 'Oui', 14, 5, '/images/products/582954954.jpg', NOW());
INSERT INTO product (id, description, reference, price_per_kg, availability, origin_id, category_id, image_path, created_at) VALUES (11, 'Reconnu pour sa saveur douce, son acidité vive et son absence d''amertume.', '589100954', 39.25, 'Oui', 8, 4, '/images/products/589100954.jpg', NOW());
INSERT INTO product (id, description, reference, price_per_kg, availability, origin_id, category_id, image_path, created_at) VALUES (12, 'Café avec des notes florales prononcées, une acidité vive et un corps moyen.', '650753915', 21.9, 'Oui', 13, 5, '/images/products/650753915.jpg', NOW());
INSERT INTO product (id, description, reference, price_per_kg, availability, origin_id, category_id, image_path, created_at) VALUES (13, 'Café rare aux arômes floraux complexes, une acidité brillante et un profil de saveur distinctif.', '795501340', 42.0, 'Oui', 11, 5, '/images/products/795501340.jpg', NOW());
INSERT INTO product (id, description, reference, price_per_kg, availability, origin_id, category_id, image_path, created_at) VALUES (14, 'Café équilibré avec des notes de chocolat, une acidité modérée et un corps velouté.', '954589100', 19.4, 'Non', 12, 2, '/images/products/954589100.jpg', NOW());
INSERT INTO product (id, description, reference, price_per_kg, availability, origin_id, category_id, image_path, created_at) VALUES (15, 'Café rare au goût riche, une acidité douce et des nuances subtiles.', '958090105', 55.75, 'Non', 5, 4, '/images/products/958090105.jpg', NOW());
INSERT INTO product (id, description, reference, price_per_kg, availability, origin_id, category_id, image_path, created_at) VALUES (16, 'Café avec des notes de fruits, une acidité vive et un corps plein.', '691550753', 28.6, 'Non', 10, 5, '/images/products/691550753.jpg', NOW());

COMMIT;